index,personid,treatment,ordertaker,type,quitjob,phonecalls0,phonecalls1,perform10,perform11,prior_experience,age,tenure,basewage,bonus,grosswage,ageyoungestchild,costofcommute,children,rental,bedroom,male,married,second_technical,high_school,tertiary_technical,university,internet
141,3906,1,0,notification group (airfare),0.0,0.0,0.0,0.08457301,0.3086204,84.0,33.0,96.0,1883.3334,713.44446,2737.5466,10,8.0,yes,no,yes,0.0,1.0,0.0,1.0,0.0,0.0,1.0
138,4122,1,1,phone call group,0.0,21.335001,21.797,0.0004498826,0.70055944,0.0,30.0,94.0,1700.0,2097.2222,4096.2456,0,18.0,no,no,no,0.0,0.0,0.0,1.0,0.0,0.0,1.0
110,4448,0,0,notification group (airfare),0.0,0.0,0.0,0.45590964,0.48866156,0.0,35.0,92.0,1750.0,2153.3333,4269.2964,11,10.0,yes,no,yes,0.0,1.0,0.0,1.0,0.0,0.0,1.0
242,4942,1,0,post-order group (hotel),0.0,0.0,0.0,0.9185098,-0.27536705,0.0,27.0,82.0,1900.0,3043.0,5295.3955,0,20.0,no,no,yes,0.0,1.0,1.0,0.0,0.0,0.0,1.0
147,5018,1,0,post-order group (hotel),0.0,0.0,0.0,-0.3774435,-0.6063684,0.0,29.0,82.0,2138.889,464.33334,1387.59,0,15.0,yes,no,yes,0.0,1.0,1.0,0.0,0.0,0.0,1.0
205,5614,1,0,night shift (hotel),0.0,0.0,0.0,0.3699803,0.404642,0.0,32.0,79.0,1700.0,1273.5555,3826.0088,0,0.0,no,no,yes,1.0,1.0,0.0,1.0,0.0,0.0,1.0
53,6278,0,1,phone call group,1.0,11.701,8.729,-0.04005283,-0.09744056,43.0,32.0,77.0,1700.0,861.0,2918.7888,5,12.0,yes,no,yes,0.0,1.0,0.0,0.0,1.0,0.0,1.0
107,6362,0,0,post-order group (hotel),0.0,0.0,0.0,0.655319,-0.6200626,24.0,29.0,82.0,1850.0,2732.6667,4894.708,3,12.0,yes,no,yes,0.0,1.0,1.0,0.0,0.0,0.0,1.0
11,6364,0,0,post-order group (hotel),0.0,0.0,0.0,1.4090424,-0.17028235,0.0,26.0,82.0,1900.0,3965.889,6220.7456,2,12.0,yes,no,yes,0.0,1.0,1.0,0.0,0.0,0.0,1.0
35,7068,0,0,post-order group (hotel),0.0,0.0,0.0,0.27069876,-0.9988539,0.0,28.0,72.0,1950.0,1983.2222,4341.824,0,0.0,no,yes,yes,0.0,1.0,0.0,0.0,1.0,0.0,1.0
15,7076,0,0,pre-order group (hotel),0.0,0.0,0.0,0.0015328284,0.27479738,24.0,30.0,72.0,2100.0,465.55554,2664.15,11,0.0,yes,no,yes,0.0,1.0,0.0,0.0,1.0,0.0,1.0
237,7488,1,0,notification group (airfare),0.0,0.0,0.0,0.45098305,1.2551696,0.0,25.0,70.0,1800.0,1141.2222,3072.209,0,18.0,no,no,yes,0.0,0.0,1.0,0.0,0.0,0.0,1.0
63,7720,0,1,phone call group,0.0,10.587,9.549,-0.68709767,-0.4546684,0.0,25.0,70.0,1750.0,821.44446,3048.3877,0,9.0,no,no,yes,0.0,0.0,0.0,0.0,1.0,0.0,1.0
44,8522,0,0,notification group (airfare),0.0,0.0,0.0,0.23950015,0.06838997,36.0,30.0,66.0,1733.3334,1993.3334,4192.242,5,6.0,yes,no,yes,0.0,1.0,1.0,0.0,0.0,0.0,1.0
42,8834,0,1,phone call group,0.0,24.719,21.237999,0.32067874,0.82531834,0.0,22.0,66.0,1750.0,1400.6666,3642.7166,0,0.0,no,yes,no,0.0,0.0,1.0,0.0,0.0,0.0,1.0
154,8854,1,1,phone call group,0.0,25.527,24.094,0.6507793,0.9372251,0.0,22.0,66.0,1700.0,2282.5557,4259.261,0,4.0,no,yes,yes,0.0,0.0,1.0,0.0,0.0,0.0,1.0
125,8980,1,0,notification group (airfare),0.0,0.0,0.0,-0.031765454,-0.8631395,0.0,25.0,65.0,1650.0,306.1111,1973.4233,0,10.0,no,no,yes,0.0,0.0,1.0,0.0,0.0,0.0,1.0
72,9710,0,0,pre-order group (hotel),0.0,0.0,0.0,-0.7188639,-0.08590863,60.0,33.0,64.0,1783.3334,1637.8889,3902.9268,0,10.0,no,no,yes,0.0,1.0,0.0,1.0,0.0,0.0,1.0
45,10098,0,1,phone call group,1.0,21.634,0.582,0.07634852,-0.8143045,0.0,28.0,63.0,2350.0,1739.4445,4315.2036,8,12.0,yes,no,yes,0.0,1.0,0.0,0.0,1.0,0.0,1.0
203,10226,1,0,night shift (hotel),0.0,0.0,0.0,-0.25819916,-0.20740296,0.0,22.0,62.0,1650.0,784.1111,3334.3223,0,0.0,no,yes,no,0.0,0.0,1.0,0.0,0.0,0.0,1.0
124,10356,1,1,phone call group,0.0,24.479,17.85,0.2486563,0.15516685,6.0,27.0,62.0,1650.0,1256.6666,3796.7178,0,0.0,no,yes,yes,1.0,0.0,0.0,0.0,1.0,0.0,1.0
167,10794,1,0,notification group (airfare),0.0,0.0,0.0,1.0376455,1.0985447,0.0,32.0,60.0,1750.0,2083.6667,4169.1943,7,5.0,yes,no,yes,0.0,1.0,0.0,1.0,0.0,0.0,1.0
191,10822,1,0,notification group (airfare),0.0,0.0,0.0,0.60906583,1.2712617,24.0,26.0,60.0,1600.0,1073.0,2996.27,0,4.0,no,no,yes,0.0,1.0,0.0,1.0,0.0,0.0,1.0
80,11348,0,0,post-order group (hotel),0.0,0.0,0.0,-0.845071,-0.8867802,6.0,25.0,59.0,1600.0,961.7778,2752.5178,2,8.0,yes,no,yes,0.0,1.0,1.0,0.0,0.0,0.0,1.0
106,11390,0,0,notification group (airfare),0.0,0.0,0.0,0.8765271,0.5659154,26.0,31.0,59.0,1700.0,2750.4443,4771.5454,0,25.0,no,no,yes,1.0,1.0,0.0,1.0,0.0,0.0,1.0
118,11868,1,0,post-order group (hotel),0.0,0.0,0.0,0.15984595,-0.4786343,60.0,30.0,57.0,1650.0,918.3333,2767.9133,0,10.0,no,no,yes,1.0,0.0,0.0,0.0,1.0,0.0,1.0
99,12306,0,0,notification group (airfare),0.0,0.0,0.0,-0.8903129,-0.9133242,0.0,24.0,56.0,1650.0,1200.0,3494.9443,0,14.0,no,no,yes,1.0,0.0,1.0,0.0,0.0,0.0,1.0
100,12426,0,1,phone call group,0.0,8.483,0.0,-0.69657344,-3.0309365,73.0,30.0,56.0,1650.0,880.8889,2813.4468,0,0.0,no,yes,yes,0.0,1.0,0.0,0.0,1.0,0.0,1.0
97,12896,0,0,notification group (airfare),0.0,0.0,0.0,0.34794605,0.20738654,0.0,26.0,54.0,1700.0,2079.4443,4395.289,0,10.0,no,no,yes,0.0,1.0,0.0,0.0,1.0,0.0,1.0
207,12974,1,1,phone call group,0.0,21.459,19.289,0.046489317,0.34228152,0.0,22.0,54.0,1650.0,1904.7778,3836.33,0,0.0,no,yes,yes,0.0,0.0,1.0,0.0,0.0,0.0,1.0
161,13530,1,0,night shift (hotel),0.0,0.0,0.0,-0.211109,-0.0635574,24.0,29.0,53.0,1600.0,596.6667,2997.8867,0,9.090909,no,no,yes,1.0,0.0,1.0,0.0,0.0,0.0,1.0
142,13574,1,0,notification group (airfare),1.0,0.0,0.0,1.4744812,2.115367,60.0,30.0,53.0,1700.0,2227.5557,4197.0547,4,10.0,yes,no,yes,1.0,1.0,0.0,0.0,1.0,0.0,1.0
59,13710,0,0,notification group (airfare),0.0,0.0,0.0,0.34256855,0.03576275,0.0,30.0,52.0,1650.0,1647.0,3862.4946,2,5.0,yes,no,yes,1.0,1.0,0.0,0.0,1.0,0.0,1.0
25,13980,0,1,phone call group,0.0,27.692,20.129,0.7973299,0.71896964,0.0,28.0,51.0,1650.0,2431.0,4468.087,0,6.0,no,no,yes,0.0,0.0,1.0,0.0,0.0,0.0,1.0
204,14048,1,1,phone call group,0.0,23.699,16.657,0.59494865,0.2950435,0.0,28.0,51.0,1650.0,1758.3334,3699.5212,3,10.0,yes,no,yes,0.0,1.0,0.0,1.0,0.0,0.0,1.0
41,14220,0,1,phone call group,1.0,27.992,8.891,0.859708,0.68349785,48.0,28.0,51.0,1633.3334,984.44446,2799.641,1,12.0,yes,no,yes,1.0,1.0,1.0,0.0,0.0,0.0,1.0
116,14374,0,0,notification group (airfare),0.0,0.0,0.0,-0.050977934,-0.07639328,0.0,28.0,50.0,1650.0,1562.0,3362.3633,0,10.0,no,no,yes,0.0,0.0,0.0,0.0,1.0,0.0,1.0
104,14382,0,0,notification group (airfare),0.0,0.0,0.0,0.66237736,0.995797,6.0,26.0,50.0,1666.6666,3060.7778,5126.0635,4,10.0,yes,yes,yes,0.0,1.0,0.0,0.0,1.0,0.0,1.0
79,14384,0,0,notification group (airfare),0.0,0.0,0.0,0.032493778,0.23839492,36.0,32.0,50.0,1650.0,1664.5555,3665.389,0,8.0,no,no,yes,0.0,0.0,0.0,0.0,0.0,1.0,1.0
183,14522,1,1,phone call group,0.0,14.343,10.125,-0.96803975,-0.779422,24.0,29.0,50.0,1600.0,1025.5555,3402.489,0,0.0,no,no,yes,1.0,0.0,1.0,0.0,0.0,0.0,1.0
126,14528,1,1,phone call group,0.0,15.421,17.89,0.24274956,0.75252026,24.0,28.0,50.0,1600.0,836.6667,2662.6199,3,25.0,yes,no,yes,0.0,1.0,1.0,0.0,0.0,0.0,1.0
139,14532,1,0,notification group (airfare),0.0,0.0,0.0,0.25117934,0.54841286,36.0,26.0,50.0,1650.0,906.7778,2942.381,0,10.0,no,no,yes,0.0,0.0,0.0,1.0,0.0,0.0,1.0
78,14556,0,0,notification group (airfare),0.0,0.0,0.0,1.0712498,1.2178748,10.0,26.0,50.0,1500.0,2250.111,3796.1646,1,10.0,yes,yes,yes,0.0,1.0,0.0,0.0,0.0,1.0,1.0
195,14678,1,0,pre-order group (hotel),0.0,0.0,0.0,-1.0820868,0.14346878,0.0,26.0,50.0,1827.7778,1226.0,3797.3533,0,4.0,no,no,yes,1.0,1.0,0.0,0.0,1.0,0.0,1.0
176,15294,1,0,pre-order group (hotel),0.0,0.0,0.0,0.5713105,1.0471158,24.0,25.0,49.0,1633.3334,1807.5555,3715.9468,0,4.0,no,yes,yes,0.0,0.0,0.0,1.0,0.0,0.0,1.0
111,15444,0,1,phone call group,0.0,14.609,10.58,0.088463545,-0.06383847,0.0,27.0,49.0,1650.0,1208.6666,3271.78,0,11.818182,no,yes,yes,0.0,1.0,0.0,0.0,1.0,0.0,1.0
62,16334,0,1,phone call group,1.0,28.4,1.485,0.9178396,-0.2837411,0.0,30.0,47.0,1633.3334,1647.0,3429.5022,0,25.0,yes,no,yes,1.0,1.0,0.0,0.0,1.0,0.0,1.0
96,16422,0,1,phone call group,1.0,12.0,0.81200004,-0.7116084,-1.3205973,40.0,29.0,47.0,1600.0,535.2222,2239.6277,7,10.0,yes,no,yes,0.0,1.0,0.0,0.0,1.0,0.0,1.0
7,16424,0,1,phone call group,0.0,21.084,12.407,0.050123475,-0.55050856,0.0,22.0,47.0,1600.0,1319.2222,3130.1768,0,6.0,no,no,yes,0.0,0.0,1.0,0.0,0.0,0.0,1.0
233,16514,1,1,phone call group,0.0,18.464,14.761,-0.23630759,0.12174732,0.0,28.0,47.0,1550.0,677.55554,2392.0667,0,4.0,no,no,yes,1.0,0.0,0.0,1.0,0.0,0.0,1.0
89,16594,0,1,phone call group,0.0,20.441,6.802,0.71361494,0.2002901,96.0,29.0,47.0,1550.0,1862.3334,3604.2979,1,20.0,yes,no,yes,0.0,1.0,0.0,0.0,0.0,1.0,1.0
201,16596,1,1,phone call group,0.0,27.084,18.361,1.1186299,0.6197545,119.0,34.0,47.0,1650.0,2797.7778,4726.0347,3,5.0,yes,no,yes,1.0,1.0,0.0,0.0,0.0,1.0,1.0
93,17058,0,0,notification group (airfare),1.0,0.0,0.0,-0.9042781,-0.4501573,0.0,23.0,46.0,1600.0,793.55554,2623.0,0,8.0,no,no,yes,0.0,0.0,1.0,0.0,0.0,0.0,1.0
92,17160,0,1,phone call group,0.0,14.113,9.439,0.46139476,0.27835277,24.0,27.0,46.0,1650.0,1313.7778,3390.2434,0,10.0,yes,no,yes,1.0,1.0,0.0,0.0,1.0,0.0,1.0
67,17172,0,0,post-order group (hotel),0.0,0.0,0.0,0.4011062,-0.6893083,48.0,28.0,46.0,1600.0,2711.2222,4641.931,0,12.0,no,no,yes,0.0,0.0,0.0,0.0,1.0,0.0,1.0
189,17722,1,0,notification group (airfare),0.0,0.0,0.0,-1.0573406,-1.2815166,24.0,24.0,45.0,1650.0,2000.3334,4195.18,0,0.0,no,no,yes,1.0,0.0,1.0,0.0,0.0,0.0,1.0
158,17752,1,0,notification group (airfare),0.0,0.0,0.0,0.4628152,0.37585676,0.0,25.0,45.0,1650.0,1438.0,3548.9634,0,0.0,no,no,yes,1.0,0.0,0.0,0.0,1.0,0.0,1.0
51,17812,0,0,post-order group (hotel),0.0,0.0,0.0,-0.19020593,-0.4270409,24.0,28.0,45.0,2566.6667,1670.8889,4705.16,2,12.0,yes,no,yes,1.0,1.0,0.0,1.0,0.0,0.0,1.0
200,17906,1,1,phone call group,0.0,8.745,5.8719997,-0.7814709,0.19852066,36.0,27.0,45.0,1600.0,646.7778,2503.8145,0,14.0,no,no,yes,0.0,1.0,0.0,0.0,1.0,0.0,1.0
247,18112,1,0,pre-order group (hotel),0.0,0.0,0.0,-0.06176748,0.3309926,24.0,27.0,44.0,1650.0,917.2222,2786.2556,0,8.0,no,no,yes,0.0,0.0,0.0,0.0,1.0,0.0,1.0
9,18494,0,0,pre-order group (hotel),0.0,0.0,0.0,-0.5006782,-0.42123133,120.0,31.0,44.0,1600.0,1012.2222,3212.9255,0,15.0,no,no,yes,1.0,0.0,1.0,0.0,0.0,0.0,1.0
82,18502,0,0,notification group (airfare),0.0,0.0,0.0,-0.7298473,-0.24316502,0.0,26.0,44.0,1600.0,199.44444,2313.1667,0,9.0,no,no,yes,1.0,1.0,1.0,0.0,0.0,0.0,1.0
48,19470,0,1,phone call group,0.0,21.737,19.112,0.011098285,0.5048908,0.0,25.0,42.0,1650.0,1512.0,3500.1233,0,0.0,no,yes,yes,0.0,0.0,0.0,0.0,1.0,0.0,1.0
202,19482,1,0,post-order group (hotel),0.0,0.0,0.0,-0.07180492,-0.96165556,0.0,23.0,42.0,1850.0,495.33334,2713.3323,0,12.0,no,no,yes,1.0,0.0,0.0,1.0,0.0,0.0,1.0
39,19684,0,0,notification group (airfare),1.0,0.0,0.0,-0.35024676,-0.6102638,0.0,22.0,41.0,1600.0,891.2222,2733.7522,0,14.0,no,yes,yes,0.0,0.0,0.0,0.0,1.0,0.0,1.0
114,21604,0,0,notification group (airfare),0.0,0.0,0.0,-0.14736283,0.07015803,12.0,24.0,37.0,1600.0,1118.2222,3038.0278,0,16.0,no,no,yes,0.0,0.0,0.0,1.0,0.0,0.0,1.0
60,21648,0,0,post-order group (hotel),0.0,0.0,0.0,-0.57803303,-0.8759282,24.88889,26.0,37.0,1600.0,851.8889,2644.3167,2,3.5,yes,no,yes,1.0,1.0,0.0,0.0,0.0,1.0,1.0
198,21654,1,1,phone call group,0.0,23.556,22.083,0.62046653,0.83090574,72.0,29.0,37.0,1650.0,2156.3333,4101.4287,0,2.0,no,no,yes,0.0,0.0,0.0,0.0,1.0,0.0,1.0
218,21710,1,0,post-order group (hotel),0.0,0.0,0.0,-0.46703142,-0.75817186,30.0,30.0,37.0,1600.0,754.2222,2616.98,0,4.0,no,no,yes,1.0,1.0,0.0,0.0,1.0,0.0,1.0
87,22022,0,0,post-order group (hotel),0.0,0.0,0.0,0.61049986,-0.70168906,0.0,22.0,36.0,1755.5555,1287.2222,3456.0156,0,4.0,no,no,yes,0.0,0.0,1.0,0.0,0.0,0.0,1.0
121,22284,1,1,phone call group,0.0,26.519,19.286,0.62982976,0.4951057,0.0,21.0,36.0,1600.0,988.2222,3478.6633,1,0.0,yes,yes,yes,0.0,1.0,1.0,0.0,0.0,0.0,1.0
12,23126,0,0,night shift (hotel),0.0,0.0,0.0,1.1817473,0.62603754,0.0,23.0,35.0,1600.0,1737.5555,4254.28,0,6.0,no,no,yes,0.0,0.0,0.0,0.0,1.0,0.0,1.0
232,23136,1,1,phone call group,0.0,23.851,15.495,0.12801115,-0.20964299,0.0,22.0,35.0,1600.0,656.6667,3175.3633,0,3.0,no,yes,yes,1.0,0.0,1.0,0.0,0.0,0.0,1.0
212,23228,1,1,phone call group,0.0,18.727,17.67,0.8753935,1.0998179,0.0,23.0,35.0,1616.6666,1970.8889,3981.6255,0,0.0,no,yes,yes,0.0,1.0,0.0,0.0,1.0,0.0,1.0
152,23622,1,0,notification group (airfare),0.0,0.0,0.0,1.3078856,1.5508392,0.0,25.0,35.0,1600.0,1995.3334,4130.472,0,10.0,no,no,yes,1.0,0.0,0.0,0.0,1.0,0.0,1.0
117,23742,0,0,post-order group (hotel),0.0,0.0,0.0,-0.630301,-0.760747,0.0,21.0,35.0,1683.3334,803.2222,2544.8833,0,8.0,no,no,yes,1.0,0.0,1.0,0.0,0.0,0.0,1.0
184,23772,1,1,phone call group,0.0,19.053,17.678999,-0.40484375,-0.059034638,12.0,21.0,35.0,1600.0,1254.5555,3629.1912,0,0.0,no,yes,yes,1.0,0.0,0.0,0.0,1.0,0.0,1.0
181,24142,1,0,pre-order group (hotel),0.0,0.0,0.0,1.1921102,1.3746165,36.0,29.0,34.0,1600.0,2965.6667,4945.0347,0,12.0,no,no,yes,0.0,0.0,1.0,0.0,0.0,0.0,1.0
43,24146,0,0,post-order group (hotel),0.0,0.0,0.0,-0.6667007,-1.0818157,3.0,24.0,34.0,1600.0,1222.5555,3205.0078,0,12.0,no,no,yes,1.0,0.0,1.0,0.0,0.0,0.0,1.0
239,24324,1,1,phone call group,1.0,20.39,6.495,-0.2764601,-1.2298135,18.0,23.0,34.0,1600.0,591.0,2526.7766,0,25.0,no,no,yes,1.0,0.0,0.0,0.0,1.0,0.0,1.0
119,24608,1,1,phone call group,0.0,14.849,13.082,-0.62254584,-0.35968643,120.0,34.0,34.0,1650.0,1399.2222,3828.9922,13,3.0,yes,no,yes,0.0,1.0,1.0,0.0,0.0,0.0,1.0
26,25056,0,0,notification group (airfare),0.0,0.0,0.0,-0.2744104,-0.17747682,0.0,23.0,33.0,1600.0,1049.7778,2868.9067,0,2.0,no,yes,yes,0.0,0.0,0.0,1.0,0.0,0.0,1.0
103,25258,0,0,night shift (hotel),0.0,0.0,0.0,-0.13678674,-0.20638765,0.0,26.0,33.0,1638.8889,1071.5555,3436.8823,0,4.0,no,no,yes,1.0,0.0,1.0,0.0,0.0,0.0,1.0
128,25520,1,1,phone call group,0.0,15.563,12.007,-0.76568514,-0.75927514,10.0,24.0,32.0,1600.0,1271.4445,3639.1968,0,6.0,no,no,yes,1.0,0.0,1.0,0.0,0.0,0.0,1.0
230,25532,1,0,night shift (hotel),0.0,0.0,0.0,-0.44592518,-0.35810113,0.0,25.0,32.0,1583.3334,1099.5555,3397.091,0,12.0,no,no,yes,1.0,0.0,1.0,0.0,0.0,0.0,1.0
234,25628,1,0,notification group (airfare),0.0,0.0,0.0,0.70293033,0.98837906,0.0,24.0,32.0,1583.3334,1157.3334,3069.6711,0,10.0,no,yes,yes,0.0,0.0,1.0,0.0,0.0,0.0,1.0
210,25638,1,1,phone call group,0.0,20.757,14.468,0.04445661,-0.14800061,7.0,26.0,32.0,1600.0,940.8889,2795.3245,0,10.0,no,no,yes,0.0,0.0,0.0,0.0,1.0,0.0,1.0
173,25700,1,0,night shift (hotel),0.0,0.0,0.0,-0.7591874,-0.79043657,48.0,27.0,32.0,1638.8889,811.2222,3188.6567,0,0.0,no,no,yes,1.0,0.0,0.0,0.0,1.0,0.0,1.0
73,25864,0,1,phone call group,0.0,18.271,16.844,0.5322725,0.8129766,0.0,20.0,31.0,1650.0,2199.5557,4334.871,0,0.0,no,yes,yes,0.0,0.0,0.0,0.0,1.0,0.0,1.0
150,25940,1,0,post-order group (hotel),0.0,0.0,0.0,0.5240536,-0.70730287,24.0,24.0,31.0,1755.5555,1429.8889,3522.689,0,10.0,no,no,yes,0.0,1.0,1.0,0.0,0.0,0.0,1.0
196,25962,1,1,phone call group,0.0,20.816,14.891,-0.2395724,-0.33794653,20.0,24.0,31.0,1600.0,1294.0,3636.5479,1,4.0,yes,yes,yes,1.0,1.0,0.0,0.0,1.0,0.0,1.0
187,26328,1,1,phone call group,0.0,10.366,9.012,-1.2317928,-1.0658501,6.0,22.0,31.0,1566.6666,1209.8889,3629.9656,0,0.0,no,yes,no,1.0,0.0,1.0,0.0,0.0,0.0,1.0
238,26618,1,0,notification group (airfare),0.0,0.0,0.0,-0.78081286,-1.0995302,0.0,24.0,30.0,1600.0,1280.8889,3676.3389,0,0.0,no,yes,yes,1.0,0.0,1.0,0.0,0.0,0.0,1.0
30,26634,0,1,phone call group,1.0,16.887,5.394,0.41352496,-0.0620371,60.0,26.0,30.0,1600.0,864.8889,2804.9321,0,2.0,no,no,yes,0.0,0.0,0.0,0.0,1.0,0.0,1.0
38,26906,0,0,post-order group (hotel),1.0,0.0,0.0,0.009408872,-1.1609126,15.0,24.0,30.0,1755.5555,1194.8889,3297.5867,0,10.0,no,no,yes,0.0,0.0,1.0,0.0,0.0,0.0,1.0
145,26934,1,1,phone call group,1.0,22.122,15.33,0.3413272,0.73312837,36.0,24.0,30.0,1600.0,1488.0,3424.6301,0,6.0,no,no,yes,0.0,0.0,0.0,0.0,1.0,0.0,1.0
34,27704,0,1,phone call group,0.0,24.216,16.764,0.42826033,0.25943702,0.0,26.0,28.0,1500.0,909.3333,2699.391,0,4.0,no,yes,yes,0.0,0.0,0.0,0.0,1.0,0.0,1.0
88,28190,0,1,phone call group,0.0,23.567,14.982,0.08554956,-0.32081997,18.0,25.0,27.0,1550.0,565.0,2967.4812,0,10.0,no,no,yes,0.0,0.0,1.0,0.0,0.0,0.0,1.0
85,28224,0,1,phone call group,0.0,23.332,16.979,0.10593522,-0.06665947,18.0,27.0,27.0,1550.0,672.55554,3129.27,1,0.0,yes,yes,yes,1.0,1.0,0.0,1.0,0.0,0.0,1.0
169,28226,1,0,post-order group (hotel),0.0,0.0,0.0,-0.9718298,-0.8668408,15.0,23.0,27.0,1550.0,508.22223,2341.69,0,15.0,no,no,yes,1.0,0.0,1.0,0.0,0.0,0.0,1.0
231,28470,1,0,notification group (airfare),0.0,0.0,0.0,-0.55329293,0.45698383,0.0,24.0,27.0,1550.0,942.0,3068.0244,0,30.0,no,no,yes,1.0,0.0,0.0,0.0,1.0,0.0,1.0
75,28484,0,1,phone call group,1.0,18.432,6.566,0.12908998,0.10130973,0.0,23.0,27.0,1450.0,565.8889,2099.01,2,5.0,yes,yes,yes,0.0,1.0,1.0,0.0,0.0,0.0,1.0
229,28492,1,0,notification group (airfare),0.0,0.0,0.0,-0.92371774,-1.1500096,0.0,24.0,27.0,1600.0,2212.5557,4226.6934,0,0.0,no,yes,yes,0.0,0.0,0.0,0.0,1.0,0.0,1.0
40,28560,0,0,post-order group (hotel),1.0,0.0,0.0,0.10675242,-1.3933356,0.0,20.0,27.0,1683.3334,1020.55554,2999.709,0,10.0,no,no,yes,0.0,0.0,0.0,0.0,1.0,0.0,1.0
16,29024,0,0,post-order group (hotel),1.0,0.0,0.0,-0.7358923,-1.3392234,36.0,26.0,26.0,1550.0,751.7778,2590.2634,0,10.0,no,no,yes,1.0,0.0,1.0,0.0,0.0,0.0,1.0
226,29032,1,0,post-order group (hotel),1.0,0.0,0.0,-0.3898447,-0.8117945,31.0,23.0,26.0,1550.0,867.0,2695.2756,0,9.0,no,no,yes,1.0,0.0,1.0,0.0,0.0,0.0,1.0
64,29172,0,1,phone call group,0.0,25.13,17.276001,0.634947,0.5122012,72.0,26.0,26.0,1566.6666,1074.1111,2896.3333,0,9.0,no,no,yes,1.0,0.0,0.0,0.0,1.0,0.0,1.0
168,29216,1,0,post-order group (hotel),0.0,0.0,0.0,0.4030235,-0.7402768,36.0,26.0,26.0,1683.3334,998.3333,2973.5066,0,30.0,no,no,yes,1.0,0.0,0.0,0.0,1.0,0.0,1.0
224,29230,1,1,phone call group,1.0,26.205,6.7390003,0.5496255,-0.37197196,0.0,24.0,26.0,1583.3334,972.55554,3485.4587,0,0.0,no,yes,yes,0.0,0.0,0.0,0.0,1.0,0.0,1.0
112,29248,0,0,pre-order group (hotel),0.0,0.0,0.0,-0.8149527,-0.86310875,36.0,27.0,26.0,1550.0,932.8889,2749.6323,1,10.0,yes,no,yes,1.0,1.0,1.0,0.0,0.0,0.0,1.0
129,29808,1,1,phone call group,1.0,11.554,9.4470005,-0.8698999,-0.004245222,16.0,25.0,25.0,1600.0,1242.5555,3093.9734,1,2.0,yes,yes,yes,1.0,1.0,0.0,0.0,1.0,0.0,1.0
32,29996,0,0,post-order group (hotel),0.0,0.0,0.0,-0.26659715,-0.7092723,24.0,23.0,25.0,1550.0,1118.4445,3353.4834,0,5.0,no,no,yes,1.0,1.0,1.0,0.0,0.0,0.0,1.0
18,30002,0,0,post-order group (hotel),1.0,0.0,0.0,-0.34666067,-1.050139,66.0,26.0,25.0,1616.6666,1471.3334,3399.6855,0,12.0,no,no,yes,1.0,0.0,0.0,0.0,1.0,0.0,1.0
211,30006,1,0,post-order group (hotel),0.0,0.0,0.0,-0.22568052,-0.8762213,25.0,24.0,25.0,1550.0,1445.3334,3288.8489,0,5.0,no,yes,yes,0.0,0.0,1.0,0.0,0.0,0.0,1.0
177,30014,1,1,phone call group,0.0,24.264,17.035,0.16178729,0.00623167,72.0,30.0,25.0,1550.0,1965.8889,4341.6367,0,5.0,no,no,yes,1.0,0.0,0.0,1.0,0.0,0.0,1.0
120,30308,1,0,night shift (hotel),0.0,0.0,0.0,0.8232657,0.5490556,0.0,21.0,25.0,1583.3334,1276.7778,3713.081,0,0.0,no,yes,no,0.0,0.0,0.0,0.0,1.0,0.0,1.0
140,30448,1,0,night shift (hotel),1.0,0.0,0.0,-0.45293245,-1.1711373,0.0,23.0,25.0,1638.8889,1180.8889,3593.0344,0,30.0,no,yes,yes,1.0,0.0,0.0,0.0,1.0,0.0,1.0
193,30972,1,0,post-order group (hotel),0.0,0.0,0.0,-0.6790612,-0.40128163,12.0,27.0,24.0,1550.0,1075.7778,2846.7744,0,8.0,no,no,yes,1.0,0.0,1.0,0.0,0.0,0.0,1.0
56,31136,0,1,phone call group,0.0,21.031,11.497,-0.104429536,-0.44534174,0.0,23.0,24.0,1550.0,851.7778,2625.0566,0,8.0,no,no,yes,1.0,0.0,1.0,0.0,0.0,0.0,1.0
81,31150,0,1,phone call group,1.0,21.559,6.947,0.09572846,-0.23899499,0.0,23.0,24.0,1550.0,861.3333,2573.6223,0,3.0,no,yes,yes,0.0,0.0,0.0,0.0,1.0,0.0,1.0
166,31230,1,0,post-order group (hotel),0.0,0.0,0.0,0.15558065,-0.7667371,0.0,24.0,24.0,1550.0,1158.1111,2939.3755,0,14.0,no,no,yes,0.0,1.0,1.0,0.0,0.0,0.0,1.0
206,31292,1,1,phone call group,0.0,25.653,20.525,0.7668246,1.1636603,0.0,27.0,24.0,1600.0,1750.8889,3627.6511,0,4.0,no,no,yes,0.0,0.0,0.0,0.0,1.0,0.0,1.0
217,31796,1,0,post-order group (hotel),0.0,0.0,0.0,0.83750254,-0.5787887,24.0,24.0,24.0,1550.0,1996.3334,3867.2734,0,4.0,no,yes,yes,0.0,1.0,1.0,0.0,0.0,0.0,1.0
46,31888,0,1,phone call group,0.0,27.921,20.0,0.9744558,0.7477034,60.0,27.0,23.0,1550.0,1452.6666,3249.639,3,8.0,yes,no,yes,0.0,1.0,0.0,1.0,0.0,0.0,1.0
214,31936,1,1,phone call group,0.0,18.752,12.891,-0.28226873,-0.16618837,40.0,25.0,23.0,1550.0,620.8889,2403.4512,0,17.727272,no,no,yes,1.0,0.0,0.0,1.0,0.0,0.0,1.0
2,32320,0,1,phone call group,0.0,24.603,12.208,0.33135656,0.049568646,0.0,22.0,23.0,1600.0,2272.0,4578.473,0,4.0,no,yes,yes,0.0,0.0,0.0,1.0,0.0,0.0,1.0
213,32590,1,0,post-order group (hotel),0.0,0.0,0.0,-0.59988534,-1.4734803,36.0,28.0,23.0,1550.0,827.55554,2673.2466,0,8.0,no,no,yes,1.0,0.0,1.0,0.0,0.0,0.0,1.0
113,32804,0,1,phone call group,1.0,20.624,2.578,-0.2203474,-0.4544279,0.0,23.0,23.0,1533.3334,661.44446,2405.5623,0,8.0,no,no,yes,1.0,0.0,0.0,0.0,1.0,0.0,1.0
47,33128,0,1,phone call group,0.0,21.26,13.802,-0.2512566,-0.13933943,0.0,21.0,22.0,1550.0,1461.1111,3738.581,0,10.0,no,yes,yes,1.0,0.0,0.0,0.0,1.0,0.0,1.0
0,33278,0,1,phone call group,0.0,18.868,15.354,-0.3152424,-0.14533153,0.0,20.0,22.0,1450.0,594.2222,2275.409,0,12.0,no,no,yes,0.0,0.0,1.0,0.0,0.0,0.0,1.0
186,33350,1,1,phone call group,0.0,14.725,8.611,-0.9045217,-0.8018465,18.0,26.0,22.0,1533.3334,721.55554,2891.0178,0,10.0,no,no,yes,1.0,0.0,0.0,0.0,1.0,0.0,1.0
90,33354,0,1,phone call group,0.0,21.971,15.712,0.37143752,0.08003516,0.0,21.0,22.0,1450.0,1007.44446,2702.929,0,4.0,no,no,yes,0.0,0.0,1.0,0.0,0.0,0.0,1.0
66,33366,0,0,pre-order group (hotel),1.0,0.0,0.0,0.404652,-0.5822229,24.0,25.0,22.0,1550.0,1149.8889,3233.3767,0,0.0,no,no,yes,1.0,0.0,0.0,0.0,1.0,0.0,1.0
84,34890,0,1,phone call group,1.0,17.48,2.503,-0.5882044,-0.5670305,12.0,24.0,21.0,1500.0,523.1111,2244.5667,0,10.0,no,no,yes,1.0,0.0,1.0,0.0,0.0,0.0,1.0
108,35006,0,1,phone call group,1.0,21.26,5.209,-0.075300135,-0.36245605,0.0,23.0,21.0,1500.0,724.44446,2414.85,0,0.0,no,no,yes,1.0,1.0,0.0,0.0,1.0,0.0,1.0
130,35344,1,1,phone call group,0.0,23.173,17.681,0.43649644,0.8148389,18.0,22.0,20.0,1550.0,1028.1111,2872.7366,0,5.0,no,no,yes,0.0,0.0,1.0,0.0,0.0,0.0,1.0
14,35408,0,0,pre-order group (hotel),1.0,0.0,0.0,0.4941864,0.031334266,50.0,27.0,20.0,1550.0,1745.1111,3516.3389,1,10.0,yes,yes,yes,1.0,1.0,0.0,0.0,1.0,0.0,1.0
86,35822,0,1,phone call group,1.0,16.126,11.034,-0.7184387,-0.88425016,48.0,27.0,20.0,1500.0,1364.7778,3590.5632,0,6.0,no,no,yes,1.0,0.0,1.0,0.0,0.0,0.0,1.0
190,36032,1,1,phone call group,0.0,20.681,15.467,-0.05893892,0.13502891,12.0,22.0,19.0,1500.0,668.1111,2375.729,0,8.0,no,no,yes,1.0,0.0,1.0,0.0,0.0,0.0,1.0
77,36288,0,1,phone call group,0.0,22.335,13.267,0.41313937,-0.1407827,6.0,25.0,19.0,1500.0,1113.7778,2848.52,0,0.0,no,no,yes,1.0,0.0,0.0,0.0,1.0,0.0,1.0
246,36306,1,0,notification group (airfare),0.0,0.0,0.0,-0.6215266,-0.067680255,0.0,26.0,19.0,1500.0,1088.6666,3234.4944,0,6.0,no,no,yes,1.0,0.0,0.0,0.0,1.0,0.0,0.0
109,36314,0,1,phone call group,0.0,24.256,18.522,0.51428294,0.6280993,0.0,23.0,19.0,1500.0,1032.2222,2728.0767,0,4.0,no,no,yes,1.0,0.0,0.0,1.0,0.0,0.0,1.0
216,36494,1,1,phone call group,1.0,16.12,2.478,-0.71516055,-0.58423626,0.0,23.0,18.0,1500.0,498.55554,2194.6733,0,6.0,no,no,yes,0.0,0.0,0.0,0.0,1.0,0.0,1.0
225,36908,1,1,phone call group,0.0,23.73,14.823,0.36568537,0.39339125,0.0,23.0,15.0,1500.0,981.44446,2742.8232,0,8.0,no,no,yes,1.0,0.0,1.0,0.0,0.0,0.0,1.0
37,37276,0,1,phone call group,1.0,21.861,3.204,0.003661253,-0.977698,0.0,22.0,13.0,1500.0,1267.7778,3096.649,0,5.0,no,no,yes,0.0,0.0,0.0,0.0,1.0,0.0,1.0
31,37292,0,1,phone call group,0.0,22.258,15.786,0.014250415,-0.19934969,0.0,21.0,13.0,1450.0,700.1111,2512.6978,0,10.0,no,yes,yes,0.0,0.0,0.0,1.0,0.0,0.0,1.0
215,37294,1,1,phone call group,0.0,20.366,19.367,-0.03769717,0.42096213,0.0,20.0,13.0,1450.0,512.2222,2242.5222,0,0.0,no,no,yes,0.0,0.0,1.0,0.0,0.0,0.0,1.0
244,37296,1,0,pre-order group (hotel),1.0,0.0,0.0,-0.1201145,-0.5861547,0.0,29.0,13.0,1483.3334,601.8889,2585.1912,0,3.0,no,yes,yes,1.0,0.0,0.0,0.0,0.0,1.0,1.0
143,37784,1,0,pre-order group (hotel),0.0,0.0,0.0,0.37780115,0.08423348,0.0,19.0,12.0,1222.2222,1041.1111,2465.909,0,2.0,no,no,yes,0.0,0.0,1.0,0.0,0.0,0.0,1.0
98,37798,0,1,phone call group,0.0,23.427,14.014999,-0.047367483,-0.58798313,1.0,21.0,12.0,1450.0,1806.7778,4099.7666,0,0.0,no,yes,yes,1.0,0.0,0.0,0.0,1.0,0.0,1.0
151,37804,1,0,post-order group (hotel),1.0,0.0,0.0,-0.023898713,-1.1502749,24.0,21.0,12.0,1450.0,735.1111,2499.76,0,4.0,no,no,yes,0.0,0.0,1.0,0.0,0.0,0.0,1.0
61,37812,0,0,pre-order group (hotel),0.0,0.0,0.0,0.40975997,-0.04509231,30.0,26.0,12.0,1450.0,784.1111,2561.2578,0,12.0,no,no,yes,0.0,0.0,0.0,0.0,1.0,0.0,1.0
57,37828,0,0,night shift (hotel),0.0,0.0,0.0,-0.37779152,-0.4915036,60.0,23.0,12.0,1538.8889,1219.8889,3457.8823,0,10.0,no,no,yes,1.0,0.0,1.0,0.0,0.0,0.0,1.0
174,37840,1,0,pre-order group (hotel),1.0,0.0,0.0,-0.20379853,-0.34314063,0.0,18.0,12.0,1222.2222,578.6667,1987.46,0,0.0,no,no,yes,1.0,0.0,1.0,0.0,0.0,0.0,1.0
172,38018,1,0,post-order group (hotel),0.0,0.0,0.0,0.12782851,-0.7938605,36.0,25.0,78.0,1450.0,809.6667,2471.1423,0,4.0,no,no,yes,0.0,0.0,1.0,0.0,0.0,0.0,1.0
197,38022,1,0,pre-order group (hotel),1.0,0.0,0.0,-0.06589323,-0.67551327,0.0,18.0,11.0,1222.2222,652.3333,1992.8434,0,0.0,no,no,yes,0.0,0.0,1.0,0.0,0.0,0.0,1.0
146,38028,1,0,pre-order group (hotel),0.0,0.0,0.0,1.2408035,1.590185,0.0,21.0,11.0,1450.0,2253.2222,4081.4612,0,2.0,no,no,yes,1.0,0.0,0.0,0.0,1.0,0.0,1.0
65,38036,0,0,post-order group (hotel),1.0,0.0,0.0,-0.7972139,-1.5239298,0.0,18.0,11.0,1222.2222,527.0,1927.6144,0,10.0,no,no,yes,1.0,0.0,1.0,0.0,0.0,0.0,1.0
188,38038,1,1,phone call group,0.0,22.629,14.11,-0.06268669,-0.32754755,180.0,35.0,11.0,1450.0,1468.7778,3750.5789,10,0.0,yes,no,yes,1.0,1.0,0.0,0.0,1.0,0.0,1.0
160,38040,1,0,pre-order group (hotel),0.0,0.0,0.0,0.15841934,0.086254135,30.0,22.0,11.0,1450.0,613.2222,2419.5066,0,8.0,no,no,yes,0.0,1.0,1.0,0.0,0.0,0.0,1.0
220,38042,1,0,post-order group (hotel),0.0,0.0,0.0,-0.49006405,-0.9351017,0.0,20.0,11.0,1222.2222,653.55554,2156.598,0,10.0,no,no,yes,0.0,0.0,1.0,0.0,0.0,0.0,1.0
55,38046,0,0,post-order group (hotel),0.0,0.0,0.0,-0.37941298,-0.68866265,3.0,21.0,11.0,1450.0,752.1111,2523.261,0,10.0,no,no,yes,0.0,0.0,1.0,0.0,0.0,0.0,1.0
182,38052,1,0,pre-order group (hotel),1.0,0.0,0.0,0.05756535,-0.16999747,0.0,18.0,11.0,1222.2222,559.6667,2071.16,0,10.0,no,no,yes,0.0,0.0,1.0,0.0,0.0,0.0,1.0
194,38070,1,0,post-order group (hotel),0.0,0.0,0.0,-0.17907135,-0.8548627,0.0,18.0,11.0,1222.2222,615.3333,2128.2834,0,10.0,no,no,yes,0.0,0.0,1.0,0.0,0.0,0.0,1.0
68,38074,0,0,pre-order group (hotel),1.0,0.0,0.0,0.20807445,-0.5241298,60.0,27.0,11.0,1450.0,717.1111,2350.9421,3,12.0,yes,no,yes,0.0,1.0,1.0,0.0,0.0,0.0,1.0
209,38290,1,1,phone call group,0.0,20.067,15.001,-0.087636046,0.3192652,0.0,21.0,11.0,1450.0,642.7778,2294.0667,0,6.0,no,yes,yes,0.0,0.0,0.0,0.0,1.0,0.0,1.0
94,38552,0,1,phone call group,1.0,20.574,5.746,-0.4631035,-1.0232302,30.0,23.0,10.0,1627.7778,1213.7778,3576.5366,0,4.0,no,no,yes,1.0,0.0,1.0,0.0,0.0,0.0,1.0
179,38566,1,1,phone call group,0.0,21.409,20.271,0.22880225,0.62754506,33.0,22.0,10.0,1450.0,873.8889,2617.9055,0,30.0,no,no,yes,0.0,1.0,0.0,0.0,1.0,0.0,1.0
235,38580,1,1,phone call group,0.0,26.009,20.434,0.82021827,0.8525897,2.0,22.0,10.0,1450.0,1402.5555,3173.7043,0,4.0,no,no,yes,0.0,0.0,0.0,0.0,1.0,0.0,1.0
248,38712,1,1,phone call group,0.0,20.734,15.432,0.104363516,0.33910608,0.0,22.0,10.0,1450.0,743.0,2408.632,0,4.0,no,yes,yes,0.0,0.0,1.0,0.0,0.0,0.0,1.0
28,38842,0,1,phone call group,1.0,20.214,0.097,-0.21442062,-2.0569022,0.0,19.0,10.0,1222.2222,651.7778,2019.5177,0,10.0,no,no,yes,1.0,0.0,0.0,1.0,0.0,0.0,1.0
23,38862,0,1,phone call group,1.0,19.784,12.453,-0.25767687,-0.54349303,0.0,19.0,10.0,1222.2222,623.0,2009.2522,0,0.0,no,yes,yes,0.0,0.0,1.0,0.0,0.0,0.0,1.0
156,38878,1,1,phone call group,0.0,24.059,18.615,0.6349496,0.8149602,12.0,25.0,10.0,1450.0,1004.7778,2752.17,0,12.0,no,no,yes,0.0,0.0,0.0,0.0,1.0,0.0,1.0
192,38898,1,1,phone call group,0.0,19.862,16.653,0.1211164,0.37097684,0.0,22.0,10.0,1450.0,725.7778,2329.4412,0,0.0,no,no,yes,0.0,0.0,0.0,0.0,1.0,0.0,1.0
163,39096,1,1,phone call group,1.0,24.017,17.161,0.23334491,0.0063857073,48.0,25.0,10.0,1450.0,677.3333,2457.5955,0,12.0,no,no,yes,1.0,0.0,1.0,0.0,0.0,0.0,1.0
17,39144,0,1,phone call group,0.0,22.42,15.505,0.20614433,0.10961834,0.0,18.0,10.0,1222.2222,846.6667,2307.771,0,4.0,no,no,yes,0.0,0.0,1.0,0.0,0.0,0.0,1.0
21,39164,0,1,phone call group,0.0,19.901,15.423,-0.21772946,-0.046197828,0.0,19.0,10.0,1155.5555,645.3333,1957.4366,0,8.0,no,no,yes,1.0,0.0,1.0,0.0,0.0,0.0,1.0
36,39458,0,1,phone call group,0.0,19.36,14.964,-0.31212568,-0.082317956,0.0,21.0,9.0,1222.2222,596.55554,2032.7145,0,10.0,no,no,yes,1.0,0.0,1.0,0.0,0.0,0.0,1.0
74,39466,0,1,phone call group,0.0,21.216,14.755,-0.15133192,-0.2186773,2.0,19.0,9.0,1450.0,669.1111,2377.7688,0,6.0,no,no,yes,0.0,0.0,1.0,0.0,0.0,0.0,1.0
71,39478,0,1,phone call group,1.0,22.534,2.82,0.15249737,-0.4438336,0.0,22.0,9.0,1450.0,823.44446,2486.9343,0,10.0,no,no,yes,0.0,0.0,0.0,1.0,0.0,0.0,1.0
13,39490,0,0,pre-order group (hotel),0.0,0.0,0.0,0.5906688,0.3536315,0.0,23.0,9.0,1450.0,1089.0,2858.081,0,10.0,no,no,yes,1.0,0.0,1.0,0.0,0.0,0.0,1.0
95,39502,0,0,pre-order group (hotel),1.0,0.0,0.0,-0.35917324,-0.90457124,12.0,19.0,9.0,1450.0,492.55554,2181.3599,0,30.0,no,no,yes,0.0,0.0,1.0,0.0,0.0,0.0,1.0
228,39512,1,0,pre-order group (hotel),0.0,0.0,0.0,0.2523199,0.16850334,0.0,19.0,9.0,1450.0,1096.2222,2781.9822,0,10.0,no,yes,yes,0.0,0.0,1.0,0.0,0.0,0.0,1.0
221,39530,1,0,post-order group (hotel),1.0,0.0,0.0,-0.12125172,-1.340626,36.0,21.0,9.0,1450.0,1016.7778,2732.2366,0,24.0,no,yes,yes,0.0,0.0,1.0,0.0,0.0,0.0,1.0
136,39548,1,0,pre-order group (hotel),0.0,0.0,0.0,-0.09741825,-0.0030079246,24.0,26.0,9.0,1450.0,510.77777,2252.3489,0,8.0,no,no,yes,0.0,0.0,0.0,0.0,1.0,0.0,1.0
135,39634,1,1,phone call group,0.0,27.939,19.645,1.5389206,1.2662807,0.0,20.0,9.0,1450.0,1600.6666,3351.6255,0,0.0,no,yes,yes,0.0,0.0,0.0,1.0,0.0,0.0,1.0
70,39748,0,0,pre-order group (hotel),0.0,0.0,0.0,0.41374972,0.22876363,6.0,22.0,9.0,1450.0,854.6667,2555.8745,2,0.0,yes,no,yes,0.0,1.0,1.0,0.0,0.0,0.0,1.0
133,39942,1,1,phone call group,1.0,16.352,12.252,-0.64123964,0.072946146,36.0,28.0,9.0,1433.3334,610.1111,2207.6133,4,55.0,yes,no,yes,1.0,1.0,0.0,0.0,1.0,0.0,1.0
178,39990,1,1,phone call group,0.0,19.748,13.923,-0.29207823,-0.3789181,36.0,24.0,9.0,1433.3334,420.66666,2614.6433,0,5.0,no,no,yes,1.0,0.0,1.0,0.0,0.0,0.0,1.0
27,40008,0,1,phone call group,1.0,28.177,12.506,0.738152,-0.08003188,7.0,20.0,9.0,1450.0,911.0,2668.0056,0,10.0,no,no,yes,1.0,0.0,1.0,0.0,0.0,0.0,1.0
105,40034,0,1,phone call group,1.0,22.101,5.734,0.09252572,-0.24690875,12.0,19.0,9.0,1450.0,687.8889,2461.83,0,10.0,no,yes,yes,0.0,0.0,1.0,0.0,0.0,0.0,1.0
131,40062,1,1,phone call group,1.0,23.893,4.896,0.24164101,-0.15206318,24.0,23.0,9.0,1433.3334,528.55554,2249.6743,0,12.0,no,no,yes,0.0,1.0,1.0,0.0,0.0,0.0,1.0
52,40076,0,0,pre-order group (hotel),1.0,0.0,0.0,-0.34249765,-1.5178951,60.0,24.0,9.0,1450.0,561.3333,2068.1223,0,10.0,no,no,yes,1.0,0.0,1.0,0.0,0.0,0.0,1.0
102,40162,0,1,phone call group,0.0,22.656,13.327,0.14284535,-0.07942255,3.0,21.0,8.0,1450.0,811.1111,2502.53,0,6.0,no,yes,yes,0.0,0.0,0.0,0.0,1.0,0.0,1.0
227,40164,1,0,notification group (airfare),0.0,0.0,0.0,0.5695838,-0.2232681,6.0,22.0,8.0,1433.3334,1276.5555,2739.1,0,10.0,no,no,yes,0.0,0.0,0.0,1.0,0.0,0.0,1.0
115,40174,0,1,phone call group,1.0,22.052,1.916,0.07169733,-1.2408433,0.0,28.0,8.0,1450.0,740.2222,2406.5823,1,2.0,yes,no,yes,1.0,1.0,0.0,0.0,1.0,0.0,1.0
180,40192,1,1,phone call group,0.0,22.58,14.751,0.24561636,0.2479427,0.0,23.0,8.0,1450.0,779.6667,2411.781,0,12.0,no,no,yes,1.0,0.0,0.0,1.0,0.0,0.0,1.0
122,40316,1,1,phone call group,0.0,21.184,16.178,0.22923808,0.42377633,30.0,25.0,8.0,1450.0,808.6667,2529.3367,0,4.0,no,yes,yes,0.0,0.0,0.0,1.0,0.0,0.0,1.0
245,40320,1,0,notification group (airfare),0.0,0.0,0.0,-1.1420957,-1.1744028,24.0,25.0,8.0,1433.3334,1514.1111,3141.9656,3,5.0,yes,no,yes,0.0,1.0,0.0,0.0,1.0,0.0,1.0
134,40322,1,1,phone call group,0.0,20.304,15.012,0.14893954,0.0145940585,24.0,24.0,8.0,1450.0,776.44446,2423.0156,0,2.0,no,no,yes,0.0,0.0,0.0,1.0,0.0,0.0,1.0
159,40328,1,1,phone call group,0.0,26.623,15.088,0.94877285,0.09813746,31.0,22.0,8.0,1450.0,1085.1111,2808.5544,0,5.0,no,no,yes,1.0,0.0,0.0,1.0,0.0,0.0,1.0
22,40334,0,0,notification group (airfare),1.0,0.0,0.0,0.2764667,0.6620027,0.0,23.0,8.0,1433.3334,1320.8889,3026.8367,0,20.0,no,no,yes,0.0,0.0,1.0,0.0,0.0,0.0,1.0
50,40336,0,1,phone call group,0.0,13.969,6.921,-0.5590729,-0.8288269,0.0,25.0,8.0,1433.3334,484.8889,1821.6888,0,6.0,no,no,yes,1.0,0.0,0.0,0.0,1.0,0.0,1.0
24,40346,0,1,phone call group,1.0,17.748,2.602,-0.37161943,-1.4132386,24.0,22.0,8.0,1433.3334,624.44446,2301.3977,0,4.5454545,no,no,yes,0.0,0.0,1.0,0.0,0.0,0.0,1.0
240,40444,1,0,night shift (hotel),0.0,0.0,0.0,0.66815186,0.6990552,108.0,34.0,8.0,1522.2222,2225.2222,4579.0923,6,4.0,yes,no,yes,1.0,1.0,0.0,1.0,0.0,0.0,1.0
20,40456,0,1,phone call group,0.0,24.967001,18.21,0.26799712,0.15323302,20.0,23.0,8.0,1433.3334,599.3333,2968.2412,0,12.0,no,yes,yes,1.0,0.0,0.0,0.0,1.0,0.0,1.0
149,40472,1,1,phone call group,0.0,24.817,21.244,0.48244968,0.70503813,12.0,25.0,8.0,1450.0,983.6667,2799.74,0,4.0,no,yes,yes,0.0,0.0,1.0,0.0,0.0,0.0,1.0
241,40490,1,1,phone call group,0.0,20.201,15.268,-0.094636105,-0.122932225,5.0,21.0,8.0,1450.0,452.1111,2299.7366,0,10.0,no,no,yes,1.0,0.0,0.0,1.0,0.0,0.0,1.0
155,41286,1,1,phone call group,0.0,20.77,12.475,-0.02529658,-0.24038805,12.0,23.0,6.0,1466.6666,508.55554,2232.0544,0,10.0,no,no,yes,1.0,0.0,0.0,0.0,1.0,0.0,1.0
170,41318,1,0,notification group (airfare),0.0,0.0,0.0,-1.2596043,-0.013943321,0.0,22.0,6.0,1466.6666,746.44446,2894.4988,0,10.0,no,no,yes,0.0,0.0,1.0,0.0,0.0,0.0,1.0
153,41320,1,1,phone call group,1.0,18.64,1.303,-0.31906465,-0.5338056,36.0,22.0,6.0,1411.1111,433.33334,2035.7278,0,10.0,no,no,yes,1.0,0.0,1.0,0.0,0.0,0.0,1.0
19,41332,0,1,phone call group,1.0,18.697,1.434,-0.39211935,-1.6269416,36.0,22.0,6.0,1422.2222,507.66666,2218.4744,0,6.0,no,no,yes,1.0,0.0,1.0,0.0,0.0,0.0,1.0
223,41818,1,0,notification group (airfare),0.0,0.0,0.0,-0.121341206,-0.36633164,0.0,23.0,6.0,1422.2222,194.77777,1567.6389,0,0.0,no,yes,yes,0.0,0.0,0.0,0.0,1.0,0.0,1.0
4,42096,0,1,phone call group,1.0,18.051,0.123,-0.36624923,-1.2711698,0.0,23.0,5.0,1411.1111,405.8889,1933.8323,0,8.0,no,no,yes,1.0,0.0,0.0,1.0,0.0,0.0,1.0
162,42104,1,1,phone call group,1.0,18.151,4.907,-0.33475247,-0.48672494,0.0,21.0,5.0,1411.1111,481.55554,2036.8734,0,0.0,no,yes,yes,0.0,0.0,0.0,1.0,0.0,0.0,1.0
144,42108,1,1,phone call group,0.0,21.991,16.441,0.33541527,0.4332936,20.0,23.0,5.0,1411.1111,620.6667,2180.999,0,12.0,no,no,yes,1.0,0.0,1.0,0.0,0.0,0.0,1.0
10,42140,0,0,notification group (airfare),0.0,0.0,0.0,-0.07073494,1.0102578,36.0,25.0,5.0,1466.6666,632.7778,2099.1511,0,15.0,yes,no,yes,1.0,1.0,1.0,0.0,0.0,0.0,1.0
58,42146,0,0,notification group (airfare),0.0,0.0,0.0,-0.04130923,0.042883005,0.0,21.0,5.0,1411.1111,1008.8889,2605.5667,0,4.0,no,no,yes,1.0,0.0,1.0,0.0,0.0,0.0,1.0
3,42152,0,1,phone call group,0.0,21.998,15.047,0.17874916,0.10926608,48.0,25.0,5.0,1411.1111,624.44446,2279.6545,0,20.0,no,no,yes,1.0,0.0,1.0,0.0,0.0,0.0,1.0
127,42308,1,1,phone call group,0.0,18.747,2.686,-0.11561139,-0.85732496,0.0,23.0,5.0,1411.1111,512.44446,2177.7734,0,12.0,no,no,yes,0.0,1.0,0.0,0.0,1.0,0.0,1.0
171,42592,1,1,phone call group,0.0,19.418,14.111,0.042018514,-0.20933336,36.0,23.0,4.0,1466.6666,476.8889,2166.0967,0,8.0,no,no,yes,0.0,0.0,1.0,0.0,0.0,0.0,1.0
243,42618,1,1,phone call group,1.0,13.275,1.414,-0.95753944,-1.2092266,0.0,22.0,4.0,1466.6666,496.77777,2499.1667,0,2.0,no,no,yes,1.0,0.0,0.0,0.0,1.0,0.0,1.0
132,42624,1,1,phone call group,0.0,20.849,16.741,0.32374704,0.70442516,24.0,23.0,4.0,1466.6666,543.0,2116.959,0,10.0,no,no,yes,0.0,0.0,0.0,1.0,0.0,0.0,1.0
236,42628,1,1,phone call group,0.0,17.589,15.874,-0.37955287,-0.041888136,24.0,22.0,4.0,1466.6666,681.2222,2669.8179,0,10.0,no,no,yes,1.0,0.0,1.0,0.0,0.0,0.0,1.0
29,42632,0,1,phone call group,0.0,19.829,12.916,0.122516744,-0.19964962,0.0,21.0,4.0,1466.6666,493.1111,2136.5278,0,12.0,no,no,yes,0.0,0.0,0.0,1.0,0.0,0.0,1.0
91,42634,0,1,phone call group,1.0,12.7369995,10.051,-1.0077969,-0.83139205,0.0,20.0,4.0,1466.6666,440.66666,2389.0444,0,0.0,no,yes,yes,1.0,0.0,0.0,0.0,1.0,0.0,1.0
6,42682,0,1,phone call group,1.0,21.539,0.0,0.3802322,-1.7297441,0.0,22.0,4.0,1466.6666,613.7778,2216.5679,0,16.0,no,no,yes,0.0,1.0,0.0,1.0,0.0,0.0,1.0
101,43258,0,1,phone call group,0.0,12.516,12.952,-0.8111794,-0.6539687,12.0,22.0,3.0,1457.1428,483.85715,2534.3,0,8.0,no,no,yes,1.0,0.0,1.0,0.0,0.0,0.0,1.0
219,43264,1,1,phone call group,0.0,9.681,11.776,-1.1921372,-0.73621076,0.0,22.0,3.0,1300.0,377.14285,2183.4314,0,12.0,no,no,yes,1.0,0.0,0.0,0.0,1.0,0.0,1.0
208,43270,1,0,notification group (airfare),0.0,0.0,0.0,-0.9864637,-1.0629349,60.0,25.0,3.0,1457.1428,1003.4286,2600.7185,0,16.0,no,no,yes,0.0,0.0,0.0,1.0,0.0,0.0,1.0
165,43278,1,0,notification group (airfare),0.0,0.0,0.0,-0.3989113,-0.10568639,12.0,23.0,3.0,1457.1428,238.0,1896.4972,0,10.0,no,no,yes,0.0,0.0,0.0,0.0,1.0,0.0,1.0
164,43286,1,0,notification group (airfare),0.0,0.0,0.0,-0.06607532,-0.07866293,0.0,20.0,3.0,1457.1428,544.7143,2340.46,0,5.0,no,no,yes,0.0,0.0,1.0,0.0,0.0,0.0,1.0
185,43288,1,1,phone call group,1.0,10.126,2.5080001,-1.0929021,-1.4649702,18.0,21.0,3.0,1471.4286,308.57144,2306.1086,0,6.0,no,yes,yes,1.0,0.0,1.0,0.0,0.0,0.0,1.0
69,43500,0,0,notification group (airfare),0.0,0.0,0.0,0.27930355,1.2993494,60.0,27.0,3.0,1457.1428,924.1429,2696.0227,3,10.0,yes,no,yes,0.0,1.0,0.0,0.0,1.0,0.0,1.0
8,43524,0,1,phone call group,1.0,10.250999,3.569,-0.9642803,-0.95918447,30.0,24.0,3.0,1457.1428,405.42856,2344.97,0,10.0,no,no,yes,1.0,0.0,1.0,0.0,0.0,0.0,1.0
157,43534,1,1,phone call group,0.0,11.666,14.454,-0.6394618,-0.18527389,0.0,23.0,3.0,1457.1428,436.14285,2338.0986,0,10.0,no,no,yes,1.0,0.0,0.0,0.0,1.0,0.0,1.0
49,43570,0,1,phone call group,0.0,12.262,11.896,-0.8791104,-0.93861705,7.0,18.0,3.5,1400.0,316.5,2426.4233,0,12.0,no,no,yes,1.0,0.0,1.0,0.0,0.0,0.0,1.0
148,43926,1,1,phone call group,0.0,11.4539995,12.542,-0.6409058,-0.63847065,24.0,22.0,3.0,1500.0,680.6,2893.118,0,0.0,no,no,yes,1.0,0.0,1.0,0.0,0.0,0.0,1.0
5,44256,0,0,notification group (airfare),1.0,0.0,6.088,-0.7687597,-0.8029287,0.0,21.0,2.5,1500.0,335.66666,1863.9133,0,0.0,no,no,yes,0.0,0.0,1.0,0.0,0.0,0.0,1.0
222,44266,1,1,phone call group,0.0,8.661,10.631,-1.1966077,-0.78258824,0.0,19.0,2.5,1500.0,266.66666,2146.265,0,17.0,no,no,yes,1.0,0.0,1.0,0.0,0.0,0.0,1.0
83,44282,0,1,phone call group,0.0,12.348001,13.213,-0.31786045,-0.30182248,0.0,20.0,2.5,1500.0,294.5,1900.8916,0,12.0,no,no,yes,0.0,0.0,1.0,0.0,0.0,0.0,1.0
123,44408,1,1,phone call group,0.0,11.786,17.3,-0.3330288,0.3779311,40.0,22.0,2.5,1500.0,138.5,1643.13,0,10.0,no,no,yes,0.0,0.0,1.0,0.0,0.0,0.0,1.0
175,44782,1,1,phone call group,0.0,11.943,15.912,-0.13177224,0.033910565,48.0,23.0,2.0,1500.0,621.8,2788.1099,0,0.0,no,no,yes,1.0,0.0,1.0,0.0,0.0,0.0,1.0
137,44784,1,1,phone call group,0.0,8.755,12.475,-0.7438176,-0.54033095,6.0,31.0,2.0,1500.0,320.0,2499.69,0,0.0,no,no,yes,1.0,0.0,0.0,0.0,1.0,0.0,1.0
33,44794,0,1,phone call group,1.0,8.057,0.53900003,-1.0718768,-1.8671106,24.0,23.0,3.0,1500.0,191.33333,2493.1733,0,10.0,no,no,yes,1.0,0.0,1.0,0.0,0.0,0.0,1.0
1,44800,0,1,phone call group,0.0,11.345,12.975,-0.3613501,-0.5427776,5.0,25.0,2.0,1500.0,587.6,2742.29,0,12.0,no,no,yes,1.0,0.0,0.0,0.0,1.0,0.0,1.0
199,45238,1,0,notification group (airfare),0.0,0.0,0.0,-0.044172138,0.6801686,0.0,22.0,2.0,1500.0,123.2,1678.546,0,4.0,no,yes,yes,1.0,0.0,1.0,0.0,0.0,0.0,1.0
54,45254,0,1,phone call group,0.0,7.467,9.589,-1.1018978,-1.1610111,24.0,23.0,2.0,1500.0,164.6,1908.324,0,4.0,no,no,yes,1.0,0.0,0.0,0.0,1.0,0.0,1.0
76,45442,0,1,phone call group,0.0,7.527,10.459,-0.9931348,-1.0208093,36.0,22.0,2.5,1500.0,270.25,2478.87,0,0.0,no,no,yes,1.0,0.0,1.0,0.0,0.0,0.0,1.0
